ID,Time,averaged.HRV,Ping
1,1,772,0
1,2,784,0
1,3,768,0
1,4,736,0
1,5,780,0
1,6,784,0
1,7,774,0
1,8,808,0
1,9,768,0
1,10,784,0
1,11,762,0
1,12,664,0
1,13,638,0
1,14,632,0
1,15,700,0
1,16,776,0
1,17,808,0
1,18,784,0
1,19,776,0
1,20,760,0
1,21,738,0
1,22,716,0
1,23,688,0
1,24,712,0
1,25,712,0
1,26,740,0
1,27,808,0
1,28,792,0
1,29,780,0
1,30,784,100
1,31,756,100
1,32,724,100
1,33,738,100
1,34,720,100
1,35,748,100
1,36,758,100
1,37,768,100
1,38,784,100
1,39,738,100
1,40,740,100
1,41,748,100
1,42,710,100
1,43,712,100
1,44,736,100
1,45,718,100
1,46,744,100
1,47,710,100
1,48,748,100
1,49,764,100
1,50,732,100
1,51,748,100
1,52,712,100
1,53,736,100
1,54,748,100
1,55,708,100
1,56,748,100
1,57,768,100
1,58,724,100
1,59,758,100
1,60,756,200
1,61,724,200
1,62,736,200
1,63,736,200
1,64,708,200
1,65,728,200
1,66,728,200
1,67,720,200
1,68,748,200
1,69,768,200
1,70,706,200
1,71,680,200
1,72,672,200
1,73,668,200
1,74,708,200
1,75,724,200
1,76,668,200
1,77,656,200
1,78,694,200
1,79,732,200
1,80,712,200
1,81,716,200
1,82,748,200
1,83,684,200
1,84,720,200
1,85,772,200
1,86,734,200
1,87,712,200
1,88,694,200
1,89,664,200
1,90,676,300
1,91,696,300
1,92,680,300
1,93,652,300
1,94,668,300
1,95,692,300
1,96,680,300
1,97,666,300
1,98,676,300
1,99,696,300
1,100,672,300
1,101,702,300
1,102,748,300
1,103,720,300
1,104,706,300
1,105,736,300
1,106,708,300
1,107,680,300
1,108,692,300
1,109,708,300
1,110,712,300
1,111,748,300
1,112,756,300
1,113,728,300
1,114,746,300
1,115,760,300
1,116,716,300
1,117,690,300
1,118,712,300
1,119,638,300
1,120,636,400
1,121,686,400
1,122,768,400
1,123,726,400
1,124,720,400
1,125,684,400
1,126,652,400
1,127,652,400
1,128,694,400
1,129,744,400
1,130,758,400
1,131,812,400
1,132,792,400
1,133,780,400
1,134,772,400
1,135,728,400
1,136,736,400
1,137,766,400
1,138,788,400
1,139,764,400
1,140,784,400
1,141,822,400
1,142,776,400
1,143,772,400
1,144,748,400
1,145,752,400
1,146,800,400
1,147,792,400
1,148,794,400
1,149,812,400
1,150,764,500
1,151,784,500
1,152,778,500
1,153,796,500
1,154,804,500
1,155,770,500
1,156,780,500
1,157,772,500
1,158,740,500
1,159,786,500
1,160,772,500
1,161,788,500
1,162,764,500
1,163,732,500
1,164,736,500
1,165,708,500
1,166,704,500
1,167,752,500
1,168,760,500
1,169,772,500
1,170,772,500
1,171,752,500
1,172,732,500
1,173,730,500
1,174,712,500
1,175,752,500
1,176,762,500
1,177,772,500
1,178,784,500
1,179,756,500
2,0,892,0
2,1,860,0
2,2,752,0
2,3,816,0
2,4,796,0
2,5,776,0
2,6,880,0
2,7,840,0
2,8,758,0
2,9,812,0
2,10,896,0
2,11,824,0
2,12,788,0
2,13,860,0
2,14,800,0
2,15,720,0
2,16,848,0
2,17,822,0
2,18,752,0
2,19,916,0
2,20,944,0
2,21,892,0
2,22,784,0
2,23,804,0
2,24,844,0
2,25,736,0
2,26,756,0
2,27,840,0
2,28,868,0
2,29,776,100
2,30,800,100
2,31,880,100
2,32,880,100
2,33,820,100
2,34,824,100
2,35,844,100
2,36,716,100
2,37,744,100
2,38,868,100
2,39,892,100
2,40,820,100
2,41,876,100
2,42,820,100
2,43,764,100
2,44,864,100
2,45,920,100
2,46,768,100
2,47,740,100
2,48,776,100
2,49,660,100
2,50,728,100
2,51,780,100
2,52,696,100
2,53,760,100
2,54,812,100
2,55,772,100
2,56,764,100
2,57,716,100
2,58,688,100
2,59,692,200
2,60,676,200
2,61,648,200
2,62,744,200
2,63,824,200
2,64,756,200
2,65,840,200
2,66,894,200
2,67,780,200
2,68,704,200
2,69,702,200
2,70,724,200
2,71,638,200
2,72,620,200
2,73,712,200
2,74,816,200
2,75,772,200
2,76,668,200
2,77,684,200
2,78,748,200
2,79,792,200
2,80,736,200
2,81,764,200
2,82,780,200
2,83,716,200
2,84,708,200
2,85,768,200
2,86,768,200
2,87,682,200
2,88,712,200
2,89,812,300
2,90,928,300
2,91,880,300
2,92,762,300
2,93,804,300
2,94,888,300
2,95,924,300
2,96,924,300
2,97,868,300
2,98,804,300
2,99,848,300
2,100,852,300
2,101,820,300
2,102,784,300
2,103,908,300
2,104,928,300
2,105,848,300
2,106,812,300
2,107,872,300
2,108,778,300
2,109,764,300
2,110,652,300
2,111,612,300
2,112,678,300
2,113,780,300
2,114,724,300
2,115,634,300
2,116,624,300
2,117,664,300
2,118,706,300
2,119,688,400
2,120,628,400
2,121,648,400
2,122,708,400
2,123,774,400
2,124,720,400
2,125,670,400
2,126,752,400
2,127,756,400
2,128,716,400
2,129,664,400
2,130,704,400
2,131,852,400
2,132,888,400
2,133,772,400
2,134,684,400
2,135,728,400
2,136,776,400
2,138,876,400
2,139,828,400
2,140,772,400
2,141,712,400
2,142,718,400
2,143,776,400
2,144,784,400
2,145,830,400
2,146,728,400
2,147,712,400
2,148,632,400
2,149,600,400
2,150,600,500
2,151,596,500
2,152,666,500
2,153,672,500
2,154,696,500
2,155,704,500
2,156,676,500
2,157,654,500
2,158,728,500
2,159,892,500
2,160,872,500
2,161,766,500
2,162,800,500
2,163,796,500
2,164,758,500
2,165,744,500
2,166,844,500
2,167,832,500
2,168,786,500
2,169,832,500
2,170,836,500
2,171,728,500
2,172,804,500
2,173,884,500
2,174,744,500
2,175,800,500
2,176,840,500
2,177,716,500
2,178,888,500
2,179,880,500
3,1,734,0
3,2,808,0
3,3,1104,0
3,4,1000,0
3,5,1144,0
3,6,1076,0
3,7,944,0
3,8,892,0
3,9,904,0
3,10,844,0
3,11,856,0
3,12,956,0
3,13,968,0
3,14,936,0
3,15,952,0
3,16,876,0
3,17,828,0
3,18,820,0
3,19,788,0
3,20,772,0
3,21,880,0
3,22,872,0
3,23,964,0
3,24,1072,0
3,25,964,0
3,26,908,0
3,27,928,0
3,28,928,0
3,29,844,0
3,30,840,100
3,31,944,100
3,32,812,100
3,33,756,100
3,34,714,100
3,35,800,100
3,36,1188,100
3,37,992,100
3,38,996,100
3,40,1080,100
3,41,1032,100
3,42,984,100
3,43,1004,100
3,44,904,100
3,45,808,100
3,46,812,100
3,47,912,100
3,48,972,100
3,49,1048,100
3,50,1052,100
3,51,868,100
3,52,812,100
3,53,840,100
3,54,1044,100
3,55,1032,100
3,56,908,100
3,57,832,100
3,58,756,100
3,59,770,100
3,60,792,200
3,61,924,200
3,62,932,200
3,63,836,200
3,64,796,200
3,65,794,200
3,66,764,200
3,67,804,200
3,68,880,200
3,69,874,200
3,70,916,200
3,71,856,200
3,72,828,200
3,73,796,200
3,74,768,200
3,75,828,200
3,76,928,200
3,77,868,200
3,78,868,200
3,79,864,200
3,80,788,200
3,81,768,200
3,82,780,200
3,83,796,200
3,84,936,200
3,85,952,200
3,86,816,200
3,87,764,200
3,88,740,200
3,89,768,200
3,90,892,300
3,91,1020,300
3,92,1040,300
3,93,1084,300
3,94,908,300
3,95,800,300
3,96,772,300
3,97,842,300
3,98,896,300
3,99,972,300
3,100,1092,300
3,101,1024,300
3,102,856,300
3,103,816,300
3,104,820,300
3,105,812,300
3,106,802,300
3,107,772,300
3,108,714,300
3,109,712,300
3,110,696,300
3,111,694,300
3,112,728,300
3,113,768,300
3,114,968,300
3,115,1036,300
3,116,1076,300
3,117,936,300
3,118,810,300
3,119,764,300
3,120,720,400
3,121,696,400
3,122,692,400
3,123,728,400
3,124,748,400
3,125,740,400
3,126,732,400
3,127,740,400
3,128,732,400
3,129,786,400
3,130,972,400
3,131,956,400
3,132,884,400
3,133,856,400
3,134,832,400
3,135,832,400
3,136,770,400
3,137,704,400
3,138,652,400
3,139,640,400
3,140,656,400
3,141,1184,400
3,142,1028,400
3,143,1004,400
3,144,1064,400
3,145,892,400
3,146,818,400
3,148,1180,400
3,149,1128,400
3,150,988,500
3,151,1044,500
3,152,904,500
3,153,880,500
3,154,808,500
3,155,816,500
3,156,792,500
3,157,774,500
3,158,872,500
3,159,1124,500
3,160,1028,500
3,161,976,500
3,162,964,500
3,163,872,500
3,164,780,500
3,165,692,500
3,166,656,500
3,167,692,500
3,168,1268,500
3,169,1176,500
3,170,1060,500
3,171,1004,500
3,172,952,500
3,173,912,500
3,174,820,500
3,175,758,500
3,176,724,500
3,177,740,500
3,178,782,500
3,179,860,500
4,2,4548,0
4,3,372,0
4,6,1170.666667,0
4,7,324,0
4,9,2160,0
4,10,1308,0
4,11,1204,0
4,12,470,0
4,14,1612,0
4,17,3580,0
4,20,2788,0
4,22,556,0
4,23,324,0
4,25,1044,0
4,28,2956,0
4,29,772,0
4,30,534.6666667,100
4,31,1052,100
4,32,720,100
4,33,408,100
4,34,396,100
4,35,740,100
4,36,620,100
4,37,706,100
4,39,756,100
4,40,514,100
4,41,500,100
4,45,3944,100
4,48,919,100
4,54,5440,100
4,56,2160,100
4,57,322,100
4,58,1716,100
4,59,458,100
4,62,3024,200
4,64,1864,200
4,65,652,200
4,71,5888,200
4,73,1744,200
4,75,1736,200
4,76,1072,200
4,77,584,200
4,82,4748,200
4,85,1177.333333,200
4,86,172,200
4,87,1712,200
4,88,584,200
4,89,428,200
4,93,1934,300
4,94,321.3333333,300
4,96,784,300
4,97,277.3333333,300
4,98,564,300
4,99,760,300
4,100,1216,300
4,101,552,300
4,102,544,300
4,103,505.3333333,300
4,104,396,300
4,105,630,300
4,106,478,300
4,107,682,300
4,108,636,300
4,109,600,300
4,110,644,300
4,111,1252,300
4,112,584,300
4,113,776,300
4,114,1444,300
4,115,944,300
4,116,666,300
4,117,405.3333333,300
4,119,1140,300
4,120,1084,400
4,121,748,400
4,122,376,400
4,123,620,400
4,124,1464,400
4,125,572,400
4,126,664,400
4,128,2312,400
4,132,2028,400
4,133,538,400
4,134,576,400
4,135,320,400
4,136,688,400
4,137,294.6666667,400
4,138,620,400
4,139,548,400
4,140,392,400
4,141,364,400
4,142,374.6666667,400
4,143,630,400
4,144,416,400
4,145,614,400
4,146,409.3333333,400
4,147,506,400
4,148,1164,400
4,150,1002,500
4,151,524,500
4,152,616,500
4,153,580,500
4,156,1854,500
4,157,516,500
4,158,302,500
4,159,656,500
4,160,597.3333333,500
4,161,732,500
4,162,502,500
4,163,648,500
4,164,832,500
4,165,480,500
4,166,1128,500
4,167,524,500
4,168,526,500
4,169,534,500
4,170,528,500
4,171,524,500
4,173,1764,500
4,174,680,500
4,175,748,500
4,177,1452,500
4,178,712,500
4,179,688,500
6,0,764,#N/A
6,1,776,0
6,2,808,0
6,3,840,0
6,4,822,0
6,5,908,0
6,6,816,0
6,7,852,0
6,8,844,0
6,9,844,0
6,10,784,0
6,11,804,0
6,12,804,0
6,13,828,0
6,14,798,0
6,15,804,0
6,16,860,0
6,17,812,0
6,18,822,0
6,19,792,0
6,20,796,0
6,21,784,0
6,22,818,0
6,23,776,0
6,24,832,0
6,25,848,0
6,26,780,0
6,27,752,0
6,28,792,0
6,29,816,0
6,30,786,100
6,31,716,100
6,32,772,100
6,33,794,100
6,34,792,100
6,35,796,100
6,36,784,100
6,37,768,100
6,38,760,100
6,39,792,100
6,40,768,100
6,41,856,100
6,42,852,100
6,43,868,100
6,44,784,100
6,45,786,100
6,46,776,100
6,47,784,100
6,48,764,100
6,49,704,100
6,50,720,100
6,51,692,100
6,52,796,100
6,53,836,100
6,54,760,100
6,55,748,100
6,56,772,100
6,57,784,100
6,58,748,100
6,59,696,100
6,60,684,200
6,61,712,200
6,62,742,200
6,63,768,200
6,64,792,200
6,65,788,200
6,66,814,200
6,67,748,200
6,68,800,200
6,69,832,200
6,70,772,200
6,71,740,200
6,72,736,200
6,73,778,200
6,74,788,200
6,75,804,200
6,76,796,200
6,77,754,200
6,78,732,200
6,79,748,200
6,80,776,200
6,81,816,200
6,82,824,200
6,83,828,200
6,84,796,200
6,85,800,200
6,86,788,200
6,87,784,200
6,88,772,200
6,89,788,200
6,90,812,300
6,91,836,300
6,92,810,300
6,93,792,300
6,94,796,300
6,95,776,300
6,96,780,300
6,97,792,300
6,98,816,300
6,99,786,300
6,100,816,300
6,101,784,300
6,102,788,300
6,103,756,300
6,104,740,300
6,105,736,300
6,106,736,300
6,107,696,300
6,108,704,300
6,109,704,300
6,110,672,300
6,111,708,300
6,112,788,300
6,113,832,300
6,114,852,300
6,115,878,300
6,116,812,300
6,117,836,300
6,118,844,300
6,119,792,300
6,120,804,400
6,121,788,400
6,122,784,400
6,123,788,400
6,124,736,400
6,125,724,400
6,126,718,400
6,127,696,400
6,128,702,400
6,129,716,400
6,130,720,400
6,131,788,400
6,132,858,400
6,133,800,400
6,134,816,400
6,135,824,400
6,136,774,400
6,137,796,400
6,138,848,400
6,139,872,400
6,140,848,400
6,141,826,400
6,142,828,400
6,143,816,400
6,144,812,400
6,145,790,400
6,146,764,400
6,147,776,400
6,148,796,400
6,149,872,400
6,150,868,500
6,151,836,500
6,152,848,500
6,153,820,500
6,154,812,500
6,155,818,500
6,156,812,500
6,157,804,500
6,158,820,500
6,159,846,500
6,160,848,500
6,161,840,500
6,162,840,500
6,163,844,500
6,164,808,500
6,165,772,500
6,166,812,500
6,167,824,500
6,168,802,500
6,169,800,500
6,170,832,500
6,171,812,500
6,172,820,500
6,173,814,500
6,174,832,500
6,175,840,500
6,176,796,500
6,177,828,500
6,178,820,500
6,179,780,500
7,3,3428,0
7,5,2368,0
7,6,620,0
7,8,1984,0
7,9,282,0
7,10,1472,0
7,11,308,0
7,12,1440,0
7,15,3132,0
7,20,4508,0
7,85,65535,200
7,151,65535,500
8,0,644,#N/A
8,1,612,0
8,2,628,0
8,3,626,0
8,4,604,0
8,5,600,0
8,6,612,0
8,7,644,0
8,8,590,0
8,9,586,0
8,10,564,0
8,11,576,0
8,12,602,0
8,13,590,0
8,14,692,0
8,15,618,0
8,16,664,0
8,17,598,0
8,18,590,0
8,19,564,0
8,20,574,0
8,21,560,0
8,22,556,0
8,23,540,0
8,24,552,0
8,25,552,0
8,26,556,0
8,27,572,0
8,28,592,0
8,29,578,0
8,30,600,100
8,31,594,100
8,32,616,100
8,33,584,100
8,34,580,100
8,35,572,100
8,36,568,100
8,37,584,100
8,38,612,100
8,39,578,100
8,40,578,100
8,41,596,100
8,42,572,100
8,43,552,100
8,44,602,100
8,45,594,100
8,46,604,100
8,47,606,100
8,48,620,100
8,49,642,100
8,50,620,100
8,51,660,100
8,52,638,100
8,53,676,100
8,54,628,100
8,55,660,100
8,56,650,100
8,57,696,100
8,58,658,100
8,59,680,100
8,60,700,200
8,61,724,200
8,62,720,200
8,63,678,200
8,64,752,200
8,65,714,200
8,66,720,200
8,67,688,200
8,68,764,200
8,69,724,200
8,70,772,200
8,71,770,200
8,72,700,200
8,73,852,200
8,74,752,200
8,75,808,200
8,76,712,200
8,77,824,200
8,78,780,200
8,79,828,200
8,80,832,200
8,81,740,200
8,82,834,200
8,83,736,200
8,84,780,200
8,85,754,200
8,86,772,200
8,87,784,200
8,88,736,200
8,89,798,200
8,90,732,300
8,91,776,300
8,92,750,300
8,93,740,300
8,94,756,300
8,95,734,300
8,96,748,300
8,97,732,300
8,98,794,300
8,99,712,300
8,100,748,300
8,101,750,300
8,102,764,300
8,103,784,300
8,104,746,300
8,105,788,300
8,106,728,300
8,107,810,300
8,108,724,300
8,109,804,300
8,110,808,300
8,111,768,300
8,112,764,300
8,113,716,300
8,114,790,300
8,115,716,300
8,116,800,300
8,117,778,300
8,118,804,300
8,119,800,300
8,120,740,400
8,121,816,400
8,122,740,400
8,123,820,400
8,124,812,400
8,125,788,400
8,126,832,400
8,127,756,400
8,128,788,400
8,129,804,400
8,130,784,400
8,131,880,400
8,132,744,400
8,133,872,400
8,134,870,400
8,135,748,400
8,136,780,400
8,137,820,400
8,138,752,400
8,139,808,400
8,140,780,400
8,141,896,400
8,142,842,400
8,143,824,400
8,144,836,400
8,145,764,400
8,146,796,400
8,147,838,400
8,148,744,400
8,149,748,400
8,150,826,500
8,151,872,500
8,152,740,500
8,153,752,500
8,154,758,500
8,155,776,500
8,156,868,500
8,157,852,500
8,158,796,500
8,159,868,500
8,160,832,500
8,161,872,500
8,162,828,500
8,163,758,500
8,164,792,500
8,165,720,500
8,166,772,500
8,167,758,500
8,168,832,500
8,169,856,500
8,170,772,500
8,171,852,500
8,172,860,500
8,173,764,500
8,174,848,500
8,175,828,500
8,176,820,500
8,177,812,500
8,178,724,500
8,179,764,500
9,1,776,0
9,2,824,0
9,3,888,0
9,4,788,0
9,5,868,0
9,6,824,0
9,7,764,0
9,8,868,0
9,9,764,0
9,10,708,0
9,11,794,0
9,12,708,0
9,13,716,0
9,14,792,0
9,15,704,0
9,16,756,0
9,17,786,0
9,18,708,0
9,19,864,0
9,20,726,0
9,21,700,0
9,22,696,0
9,23,724,0
9,24,772,0
9,25,768,0
9,26,720,0
9,27,684,0
9,28,722,0
9,29,776,0
9,30,760,100
9,31,756,100
9,32,704,100
9,33,704,100
9,34,770,100
9,35,776,100
9,36,788,100
9,37,836,100
9,38,822,100
9,39,824,100
9,40,772,100
9,41,740,100
9,42,682,100
9,43,630,100
9,44,604,100
9,45,598,100
9,46,592,100
9,47,592,100
9,48,590,100
9,49,596,100
9,50,612,100
9,51,610,100
9,52,616,100
9,53,640,100
9,54,682,100
9,55,704,100
9,56,736,100
9,57,786,100
9,58,824,100
9,59,836,100
9,60,752,200
9,61,736,200
9,62,696,200
9,63,694,200
9,64,652,200
9,65,672,200
9,66,716,200
9,67,776,200
9,68,808,200
9,69,816,200
9,70,728,200
9,71,716,200
9,72,754,200
9,73,728,200
9,74,722,200
9,75,708,200
9,76,752,200
9,77,892,200
9,78,832,200
9,79,820,200
9,80,820,200
9,81,844,200
9,82,730,200
9,83,736,200
9,84,808,200
9,85,840,200
9,86,822,200
9,87,868,200
9,88,848,200
9,89,864,200
9,90,896,300
9,91,884,300
9,92,824,300
9,93,840,300
9,94,856,300
9,95,828,300
9,96,868,300
9,97,876,300
9,98,834,300
9,99,836,300
9,100,860,300
9,101,848,300
9,102,762,300
9,103,736,300
9,104,768,300
9,105,740,300
9,106,764,300
9,107,852,300
9,108,784,300
9,109,828,300
9,110,816,300
9,111,796,300
9,112,740,300
9,113,680,300
9,114,644,300
9,115,654,300
9,116,700,300
9,117,738,300
9,118,688,300
9,119,732,300
9,120,764,400
9,121,804,400
9,122,900,400
9,123,880,400
9,124,872,400
9,125,904,400
9,126,838,400
9,127,748,400
9,128,662,400
9,129,620,400
9,130,594,400
9,131,586,400
9,132,588,400
9,133,596,400
9,134,630,400
9,135,668,400
9,136,660,400
9,137,648,400
9,138,652,400
9,139,684,400
9,140,694,400
9,141,664,400
9,142,658,400
9,143,668,400
9,144,702,400
9,145,708,400
9,146,688,400
9,147,712,400
9,148,748,400
9,149,722,400
9,150,720,500
9,151,768,500
9,152,812,500
9,153,840,500
9,154,892,500
9,155,900,500
9,156,840,500
9,157,776,500
9,158,706,500
9,159,724,500
9,160,720,500
9,161,836,500
9,162,856,500
9,163,808,500
9,164,808,500
9,165,792,500
9,166,744,500
9,167,724,500
9,168,732,500
9,169,724,500
9,170,744,500
9,171,684,500
9,172,724,500
9,173,766,500
9,174,736,500
9,175,740,500
9,176,752,500
9,177,822,500
9,178,840,500
9,179,780,500
10,0,644,#N/A
10,1,654,0
10,2,652,0
10,3,650,0
10,4,692,0
10,5,676,0
10,6,632,0
10,7,644,0
10,8,996,0
10,9,796,0
10,10,808,0
10,11,738,0
10,12,696,0
10,13,756,0
10,14,760,0
10,15,780,0
10,16,772,0
10,17,708,0
10,18,692,0
10,19,662,0
10,20,612,0
10,21,608,0
10,22,628,0
10,23,626,0
10,24,590,0
10,25,604,0
10,26,620,0
10,27,656,0
10,28,732,0
10,29,692,0
10,30,634,100
10,31,634,100
10,32,636,100
10,33,620,100
10,34,648,100
10,35,642,100
10,36,644,100
10,37,686,100
10,38,676,100
10,39,654,100
10,40,664,100
10,41,694,100
10,42,720,100
10,43,712,100
10,44,664,100
10,45,626,100
10,46,632,100
10,47,644,100
10,48,640,100
10,49,684,100
10,50,688,100
10,51,668,100
10,52,668,100
10,53,668,100
10,54,660,100
10,55,638,100
10,56,636,100
10,57,634,100
10,58,664,100
10,59,720,100
10,60,676,200
10,61,688,200
10,62,700,200
10,63,718,200
10,64,712,200
10,65,672,200
10,66,664,200
10,67,680,200
10,68,684,200
10,69,708,200
10,70,704,200
10,71,640,200
10,72,622,200
10,73,646,200
10,74,680,200
10,75,650,200
10,76,684,200
10,77,686,200
10,78,644,200
10,79,662,200
10,80,676,200
10,81,662,200
10,82,644,200
10,83,654,200
10,84,672,200
10,85,662,200
10,86,700,200
10,87,724,200
10,88,684,200
10,89,658,200
10,90,652,300
10,91,658,300
10,92,644,300
10,93,680,300
10,94,672,300
10,95,642,300
10,96,640,300
10,97,656,300
10,98,664,300
10,99,644,300
10,100,652,300
10,101,648,300
10,102,632,300
10,103,674,300
10,104,680,300
10,105,660,300
10,106,660,300
10,107,686,300
10,108,676,300
10,109,708,300
10,110,732,300
10,111,800,300
10,112,720,300
10,113,660,300
10,114,656,300
10,115,664,300
10,116,654,300
10,117,684,300
10,118,752,300
10,119,760,300
10,120,680,400
10,121,646,400
10,122,628,400
10,123,656,400
10,124,712,400
10,125,718,400
10,126,736,400
10,127,710,400
10,128,668,400
10,129,646,400
10,130,676,400
10,131,678,400
10,132,624,400
10,133,606,400
10,134,704,400
10,135,964,400
10,136,808,400
10,137,730,400
10,138,636,400
10,139,636,400
10,140,684,400
10,141,728,400
10,142,764,400
10,143,730,400
10,144,680,400
10,145,662,400
10,146,636,400
10,147,638,400
10,148,660,400
10,149,666,400
10,150,656,500
10,151,636,500
10,152,632,500
10,153,628,500
10,154,590,500
10,155,596,500
10,156,606,500
10,157,644,500
10,158,828,500
10,159,696,500
10,160,654,500
10,161,668,500
10,162,708,500
10,163,696,500
10,164,672,500
10,165,644,500
10,166,668,500
10,167,674,500
10,168,664,500
10,169,696,500
10,170,696,500
10,171,688,500
10,172,652,500
10,173,642,500
10,174,648,500
10,175,638,500
10,176,654,500
10,177,664,500
10,178,670,500
10,179,660,500
11,1,744,0
11,2,752,0
11,3,750,0
11,4,716,0
11,5,760,0
11,6,832,0
11,7,776,0
11,8,824,0
11,9,844,0
11,10,832,0
11,11,808,0
11,12,836,0
11,13,792,0
11,14,832,0
11,15,814,0
11,16,764,0
11,17,812,0
11,18,840,0
11,19,816,0
11,20,816,0
11,21,828,0
11,22,824,0
11,23,808,0
11,24,838,0
11,25,808,0
11,26,780,0
11,27,796,0
11,28,762,0
11,29,744,0
11,30,760,100
11,31,816,100
11,32,816,100
11,33,836,100
11,34,852,100
11,35,816,100
11,36,780,100
11,37,836,100
11,38,844,100
11,39,756,100
11,40,804,100
11,41,796,100
11,42,744,100
11,43,726,100
11,44,784,100
11,45,856,100
11,46,880,100
11,47,816,100
11,48,790,100
11,49,792,100
11,50,780,100
11,51,770,100
11,52,788,100
11,53,796,100
11,54,800,100
11,55,838,100
11,56,780,100
11,57,808,100
11,58,832,100
11,59,856,100
11,60,824,200
11,61,808,200
11,62,736,200
11,63,740,200
11,64,792,200
11,65,796,200
11,66,772,200
11,67,838,200
11,68,800,200
11,69,740,200
11,70,744,200
11,71,780,200
11,72,772,200
11,73,824,200
11,74,844,200
11,75,838,200
11,76,820,200
11,77,840,200
11,78,820,200
11,79,772,200
11,80,830,200
11,81,856,200
11,82,792,200
11,83,836,200
11,84,824,200
11,85,836,200
11,86,848,200
11,87,804,200
11,88,784,200
11,89,824,200
11,90,812,300
11,91,788,300
11,92,824,300
11,93,800,300
11,94,800,300
11,95,820,300
11,96,860,300
11,97,794,300
11,98,816,300
11,99,776,300
11,100,768,300
11,101,800,300
11,102,756,300
11,103,788,300
11,104,824,300
11,105,798,300
11,106,808,300
11,107,848,300
11,108,844,300
11,109,852,300
11,110,858,300
11,111,816,300
11,112,848,300
11,113,816,300
11,114,764,300
11,115,766,300
11,116,788,300
11,117,772,300
11,118,812,300
11,119,796,300
11,120,796,400
11,121,840,400
11,122,884,400
11,123,812,400
11,124,812,400
11,125,816,400
11,126,760,400
11,127,752,400
11,128,736,400
11,129,682,400
11,130,680,400
11,131,700,400
11,132,720,400
11,133,724,400
11,134,734,400
11,135,736,400
11,136,728,400
11,137,694,400
11,138,684,400
11,139,666,400
11,140,664,400
11,141,648,400
11,142,676,400
11,143,734,400
11,144,760,400
11,145,768,400
11,146,796,400
11,147,740,400
11,148,772,400
11,149,742,400
11,150,704,500
11,151,672,500
11,152,694,500
11,153,692,500
11,154,692,500
11,155,708,500
11,156,704,500
11,157,676,500
11,158,700,500
11,159,708,500
11,160,708,500
11,161,676,500
11,162,644,500
11,163,660,500
11,164,664,500
11,165,684,500
11,166,716,500
11,167,704,500
11,168,732,500
11,169,736,500
11,170,734,500
11,171,756,500
11,172,744,500
11,173,794,500
11,174,772,500
11,175,784,500
11,176,776,500
11,177,764,500
11,178,768,500
11,179,772,500
12,0,684,#N/A
12,1,724,0
12,2,744,0
12,3,706,0
12,4,740,0
12,5,698,0
12,6,708,0
12,7,736,0
12,8,684,0
12,9,744,0
12,10,716,0
12,11,740,0
12,12,760,0
12,13,728,0
12,14,748,0
12,15,772,0
12,16,726,0
12,17,744,0
12,18,748,0
12,19,712,0
12,20,736,0
12,21,698,0
12,22,716,0
12,23,716,0
12,24,692,0
12,25,744,0
12,26,692,0
12,27,728,0
12,28,716,0
12,29,694,0
12,30,724,100
12,31,680,100
12,32,708,100
12,33,692,100
12,34,704,100
12,35,728,100
12,36,682,100
12,37,704,100
12,38,694,100
12,39,696,100
12,40,738,100
12,41,676,100
12,42,724,100
12,43,712,100
12,44,692,100
12,45,692,100
12,46,648,100
12,47,644,100
12,48,656,100
12,49,724,100
12,50,680,100
12,51,684,100
12,52,736,100
12,53,672,100
12,54,728,100
12,55,724,100
12,56,684,100
12,57,768,100
12,58,704,100
12,59,732,100
12,60,764,200
12,61,692,200
12,62,742,200
12,63,712,200
12,64,708,200
12,65,762,200
12,66,688,200
12,67,716,200
12,68,774,200
12,69,696,200
12,70,752,200
12,71,746,200
12,72,700,200
12,73,760,200
12,74,764,200
12,75,684,200
12,76,748,200
12,77,728,200
12,78,700,200
12,79,760,200
12,80,732,200
12,81,696,200
12,82,752,200
12,83,712,200
12,84,706,200
12,85,728,200
12,86,672,200
12,87,702,200
12,88,736,200
12,89,690,200
12,90,736,300
12,91,712,300
12,92,698,300
12,93,740,300
12,94,710,300
12,95,740,300
12,96,720,300
12,97,704,300
12,98,752,300
12,99,706,300
12,100,712,300
12,101,736,300
12,102,708,300
12,103,740,300
12,104,726,300
12,105,720,300
12,106,732,300
12,107,690,300
12,108,716,300
12,109,732,300
12,110,696,300
12,111,728,300
12,112,700,300
12,113,712,300
12,114,700,300
12,115,672,300
12,116,692,300
12,117,710,300
12,118,724,300
12,119,744,300
12,120,680,400
12,121,704,400
12,122,716,400
12,123,680,400
12,124,742,400
12,125,712,400
12,126,708,400
12,127,746,400
12,128,692,400
12,129,744,400
12,130,748,400
12,131,704,400
12,132,768,400
12,133,768,400
12,134,728,400
12,135,792,400
12,136,770,400
12,137,756,400
12,138,784,400
12,139,742,400
12,140,736,400
12,141,756,400
12,142,710,400
12,143,764,400
12,144,788,400
12,145,742,400
12,146,780,400
12,147,832,400
12,148,760,400
12,149,776,400
12,150,776,500
12,151,730,500
12,152,704,500
12,153,736,500
12,154,728,500
12,155,700,500
12,156,654,500
12,157,660,500
12,158,654,500
12,159,620,500
12,160,602,500
12,161,600,500
12,162,588,500
12,163,588,500
12,164,580,500
12,165,584,500
12,166,604,500
12,167,620,500
12,168,632,500
12,169,630,500
12,170,676,500
12,171,702,500
12,172,652,500
12,173,646,500
12,174,676,500
12,175,700,500
12,176,684,500
12,177,676,500
12,178,640,500
12,179,678,500
13,1,696,0
13,2,684,0
13,3,696,0
13,4,692,0
13,5,688,0
13,6,700,0
13,7,710,0
13,8,696,0
13,9,720,0
13,10,736,0
13,11,690,0
13,12,680,0
13,13,646,0
13,14,636,0
13,15,638,0
13,16,672,0
13,17,710,0
13,18,688,0
13,19,704,0
13,20,708,0
13,21,704,0
13,22,704,0
13,23,720,0
13,24,702,0
13,25,724,0
13,26,748,0
13,27,712,0
13,28,716,0
13,29,740,0
13,30,712,100
13,31,720,100
13,32,708,100
13,33,672,100
13,34,696,100
13,35,754,100
13,36,732,100
13,37,732,100
13,38,740,100
13,39,720,100
13,40,700,100
13,41,732,100
13,42,740,100
13,43,716,100
13,44,736,100
13,45,732,100
13,46,728,100
13,47,732,100
13,48,758,100
13,49,728,100
13,50,780,100
13,51,780,100
13,52,774,100
13,53,740,100
13,54,718,100
13,55,696,100
13,56,688,100
13,57,726,100
13,58,752,100
13,59,726,100
13,60,768,200
13,61,776,200
13,62,732,200
13,63,728,200
13,64,724,200
13,65,712,200
13,66,768,200
13,67,780,200
13,68,748,200
13,69,748,200
13,70,756,200
13,71,732,200
13,72,736,200
13,73,724,200
13,74,712,200
13,75,700,200
13,76,712,200
13,77,724,200
13,78,702,200
13,79,700,200
13,80,732,200
13,81,714,200
13,82,736,200
13,83,708,200
13,84,736,200
13,85,696,200
13,86,644,200
13,87,636,200
13,88,694,200
13,89,804,200
13,90,804,300
13,91,776,300
13,92,784,300
13,93,768,300
13,94,750,300
13,95,720,300
13,96,736,300
13,97,750,300
13,98,728,300
13,99,756,300
13,100,752,300
13,101,680,300
13,102,708,300
13,103,730,300
13,104,732,300
13,105,760,300
13,106,738,300
13,107,724,300
13,108,718,300
13,109,732,300
13,110,788,300
13,111,782,300
13,112,704,300
13,113,752,300
13,114,784,300
13,115,836,300
13,116,808,300
13,117,728,300
13,118,698,300
13,119,680,300
13,120,652,400
13,121,680,400
13,122,692,400
13,123,704,400
13,124,694,400
13,125,712,400
13,126,728,400
13,127,674,400
13,128,676,400
13,129,638,400
13,130,616,400
13,131,640,400
13,132,694,400
13,133,708,400
13,134,716,400
13,135,706,400
13,136,684,400
13,137,678,400
13,138,676,400
13,139,698,400
13,140,716,400
13,141,676,400
13,142,728,400
13,143,740,400
13,144,734,400
13,145,668,400
13,146,686,400
13,147,676,400
13,148,684,400
13,149,676,400
13,150,668,500
13,151,654,500
13,152,624,500
13,153,608,500
13,154,614,500
13,155,614,500
13,156,624,500
13,157,646,500
13,158,680,500
13,159,696,500
13,160,750,500
13,161,732,500
13,162,724,500
13,163,724,500
13,164,748,500
13,165,742,500
13,166,704,500
13,167,712,500
13,168,684,500
13,169,676,500
13,170,708,500
13,171,756,500
13,172,724,500
13,173,768,500
13,174,820,500
13,175,820,500
13,176,754,500
13,177,712,500
13,178,700,500
13,179,712,500
16,9,13222,0
16,10,1224,0
16,11,828,0
16,12,812,0
16,13,778,0
16,14,756,0
16,15,736,0
16,16,716,0
16,17,844,0
16,18,832,0
16,19,760,0
16,21,2168,0
16,22,698,0
16,23,692,0
16,24,692,0
16,25,784,0
16,26,860,0
16,27,884,0
16,28,888,0
16,29,784,0
16,30,788,100
16,31,704,100
16,32,700,100
16,33,752,100
16,34,812,100
16,35,804,100
16,36,786,100
16,37,808,100
16,38,756,100
16,39,820,100
16,40,800,100
16,41,712,100
16,42,736,100
16,43,824,100
16,44,826,100
16,45,816,100
16,46,908,100
16,47,792,100
16,48,786,100
16,49,884,100
16,50,836,100
16,51,860,100
16,52,872,100
16,53,868,100
16,54,912,100
16,55,902,100
16,56,820,100
16,57,804,100
16,58,800,100
16,59,806,100
16,60,768,200
16,61,808,200
16,62,864,200
16,63,884,200
16,64,864,200
16,65,830,200
16,66,788,200
16,67,848,200
16,68,896,200
16,69,820,200
16,70,866,200
16,71,832,200
16,72,756,200
16,73,744,200
16,74,780,200
16,75,736,200
16,76,736,200
16,77,722,200
16,78,700,200
16,79,780,200
16,80,892,200
16,81,840,200
16,82,816,200
16,83,768,200
16,84,796,200
16,85,884,200
16,86,904,200
16,87,832,200
16,88,836,200
16,89,860,200
16,90,842,300
16,91,888,300
16,92,836,300
16,93,848,300
16,94,896,300
16,95,884,300
16,96,802,300
16,97,748,300
16,98,764,300
16,99,852,300
16,100,894,300
16,101,908,300
16,102,876,300
16,103,952,300
16,104,1004,300
16,105,856,300
16,106,800,300
16,107,800,300
16,108,836,300
16,109,980,300
16,111,1028,300
16,112,950,300
16,113,880,300
16,114,880,300
16,115,836,300
16,116,852,300
16,117,836,300
16,118,880,300
16,119,920,300
16,120,968,400
16,121,956,400
16,122,968,400
16,123,944,400
16,124,896,400
16,125,888,400
16,126,944,400
16,127,880,400
16,128,832,400
16,129,896,400
16,130,910,400
16,131,916,400
16,132,864,400
16,133,852,400
16,134,860,400
16,135,880,400
16,136,848,400
16,137,884,400
16,138,792,400
16,139,876,400
16,140,952,400
16,141,856,400
16,142,804,400
16,143,800,400
16,144,908,400
16,145,920,400
16,146,892,400
16,147,900,400
16,148,864,400
16,149,870,400
16,150,780,500
16,151,796,500
16,152,812,500
16,153,780,500
16,154,916,500
16,155,872,500
16,156,896,500
16,157,836,500
16,158,900,500
16,159,908,500
16,160,836,500
16,161,892,500
16,162,858,500
16,163,848,500
16,164,836,500
16,165,816,500
16,166,820,500
16,167,856,500
16,168,880,500
16,169,864,500
16,170,800,500
16,171,896,500
16,172,924,500
16,173,872,500
16,174,912,500
16,175,820,500
16,176,860,500
16,177,836,500
16,178,988,500
16,179,964,500
17,1,944,0
17,2,928,0
17,3,958,0
17,4,872,0
17,5,868,0
17,6,872,0
17,7,812,0
17,8,872,0
17,9,944,0
17,10,892,0
17,11,904,0
17,12,872,0
17,13,848,0
17,14,872,0
17,15,924,0
17,16,964,0
17,17,908,0
17,18,960,0
17,19,964,0
17,20,912,0
17,21,944,0
17,22,952,0
17,23,892,0
17,24,908,0
17,25,892,0
17,26,840,0
17,27,868,0
17,28,908,0
17,29,924,0
17,30,884,100
17,31,988,100
17,32,922,100
17,33,912,100
17,34,912,100
17,35,872,100
17,36,876,100
17,37,924,100
17,38,936,100
17,39,860,100
17,40,924,100
17,41,932,100
17,42,864,100
17,43,908,100
17,44,960,100
17,45,884,100
17,46,908,100
17,47,964,100
17,48,968,100
17,49,888,100
17,50,952,100
17,51,928,100
17,52,892,100
17,53,956,100
17,54,938,100
17,55,888,100
17,56,888,100
17,57,880,100
17,58,824,100
17,59,876,100
17,60,896,200
17,61,860,200
17,62,896,200
17,63,836,200
17,64,868,200
17,65,880,200
17,66,860,200
17,67,830,200
17,68,884,200
17,69,856,200
17,70,872,200
17,71,948,200
17,72,928,200
17,73,832,200
17,74,878,200
17,75,852,200
17,76,800,200
17,77,840,200
17,78,868,200
17,79,868,200
17,80,850,200
17,81,860,200
17,82,824,200
17,83,880,200
17,84,944,200
17,85,936,200
17,86,836,200
17,87,904,200
17,88,904,200
17,89,900,200
17,90,940,300
17,91,892,300
17,92,880,300
17,93,924,300
17,94,900,300
17,95,828,300
17,96,858,300
17,97,852,300
17,98,832,300
17,99,920,300
17,100,976,300
17,101,860,300
17,102,924,300
17,103,892,300
17,104,838,300
17,105,880,300
17,106,940,300
17,107,856,300
17,108,904,300
17,109,972,300
17,110,956,300
17,111,864,300
17,112,932,300
17,113,904,300
17,114,840,300
17,115,880,300
17,116,884,300
17,117,816,300
17,118,852,300
17,119,876,300
17,120,804,400
17,121,852,400
17,122,884,400
17,123,856,400
17,124,880,400
17,125,896,400
17,126,864,400
17,127,884,400
17,128,916,400
17,129,880,400
17,130,920,400
17,131,1020,400
17,132,956,400
17,133,872,400
17,134,884,400
17,135,826,400
17,136,820,400
17,137,904,400
17,138,940,400
17,139,864,400
17,140,920,400
17,141,936,400
17,142,860,400
17,143,908,400
17,144,916,400
17,145,836,400
17,146,892,400
17,147,920,400
17,148,884,400
17,149,802,400
17,150,808,500
17,151,832,500
17,152,788,500
17,153,844,500
17,154,868,500
17,155,796,500
17,156,832,500
17,157,800,500
17,158,758,500
17,159,744,500
17,160,696,500
17,161,728,500
17,162,844,500
17,163,928,500
17,164,916,500
17,165,828,500
17,166,892,500
17,167,894,500
17,168,820,500
17,169,852,500
17,170,852,500
17,171,844,500
17,172,816,500
17,173,926,500
17,174,940,500
17,175,900,500
17,176,964,500
17,177,920,500
17,178,836,500
17,179,844,500
18,1,698,0
18,2,744,0
18,3,748,0
18,4,702,0
18,5,684,0
18,6,628,0
18,7,648,0
18,8,640,0
18,9,672,0
18,10,680,0
18,11,644,0
18,12,620,0
18,13,590,0
18,14,590,0
18,15,584,0
18,16,602,0
18,17,610,0
18,18,620,0
18,19,612,0
18,20,616,0
18,21,650,0
18,23,646,0
18,24,672,0
18,25,670,0
18,26,692,0
18,27,662,0
18,28,668,0
18,29,690,0
18,30,708,100
18,31,654,100
18,32,620,100
18,33,612,100
18,34,634,100
18,35,640,100
18,36,652,100
18,37,680,100
18,38,704,100
18,39,732,100
18,40,680,100
18,41,686,100
18,42,646,100
18,43,632,100
18,44,606,100
18,45,628,100
18,46,644,100
18,48,692,100
18,49,664,100
18,50,702,100
18,51,644,100
18,52,658,100
18,53,628,100
18,54,624,100
18,55,608,100
18,56,632,100
18,57,642,100
18,58,668,100
18,59,680,100
18,60,624,200
18,61,654,200
18,62,672,200
18,63,660,200
18,64,684,200
18,65,686,200
18,66,692,200
18,67,652,200
18,68,660,200
18,69,656,200
18,70,664,200
18,71,690,200
18,72,696,200
18,73,704,200
18,74,708,200
18,75,688,200
18,76,706,200
18,77,696,200
18,78,698,200
18,79,708,200
18,80,698,200
18,81,708,200
18,82,712,200
18,83,704,200
18,84,724,200
18,85,744,200
18,86,728,200
18,87,744,200
18,88,708,200
18,89,740,200
18,90,720,300
18,91,700,300
18,92,668,300
18,93,636,300
18,94,644,300
18,95,686,300
18,96,752,300
18,97,796,300
18,98,788,300
18,99,740,300
18,100,732,300
18,101,720,300
18,102,672,300
18,103,748,300
18,104,816,300
18,105,868,300
18,106,900,300
18,107,840,300
18,108,836,300
18,109,840,300
18,110,780,300
18,111,768,300
18,112,784,300
18,113,824,300
18,114,832,300
18,115,800,300
18,116,840,300
18,117,838,300
18,118,832,300
18,119,816,300
18,121,782,400
18,122,808,400
18,123,768,400
18,124,764,400
18,125,766,400
18,126,760,400
18,127,804,400
18,128,852,400
18,129,838,400
18,130,844,400
18,132,752,400
18,133,770,400
18,134,780,400
18,135,780,400
18,136,772,400
18,137,744,400
18,138,752,400
18,139,772,400
18,140,744,400
18,141,728,400
18,142,726,400
18,143,676,400
18,144,676,400
18,145,668,400
18,146,634,400
18,147,656,400
18,148,704,400
18,149,744,400
18,150,756,500
18,151,744,500
18,152,720,500
18,153,716,500
18,154,730,500
18,155,740,500
18,156,768,500
18,157,794,500
18,158,820,500
18,159,812,500
18,160,792,500
18,161,760,500
18,162,752,500
18,163,776,500
18,164,758,500
18,165,744,500
18,166,744,500
18,167,740,500
18,168,716,500
18,169,702,500
18,170,712,500
18,171,716,500
18,172,736,500
18,173,708,500
18,174,704,500
18,175,676,500
18,176,676,500
18,177,706,500
18,178,696,500
18,179,740,500
20,4,9336,0
20,6,1920,0
20,8,954,0
20,9,452,0
20,24,15544,0
20,25,556,0
20,39,14620,100
20,43,3392,100
20,84,41100,200
20,149,65535,400
20,174,24920,500
20,176,1952,500
20,177,512,500
20,178,1504,500
20,179,520,500
21,0,652,#N/A
21,1,684,0
21,2,668,0
21,3,696,0
21,4,672,0
21,5,640,0
21,6,646,0
21,7,614,0
21,8,636,0
21,9,634,0
21,10,668,0
21,11,684,0
21,12,656,0
21,13,676,0
21,14,652,0
21,15,666,0
21,16,656,0
21,17,650,0
21,18,692,0
21,19,680,0
21,20,696,0
21,21,700,0
21,22,644,0
21,23,654,0
21,24,664,0
21,25,634,0
21,26,644,0
21,27,642,0
21,28,696,0
21,29,728,0
21,30,680,100
21,31,680,100
21,32,644,100
21,33,646,100
21,34,640,100
21,35,620,100
21,36,628,100
21,37,630,100
21,38,708,100
21,39,678,100
21,40,668,100
21,41,658,100
21,42,620,100
21,43,634,100
21,44,604,100
21,45,616,100
21,46,604,100
21,47,586,100
21,48,612,100
21,49,622,100
21,50,624,100
21,51,572,100
21,52,574,100
21,53,544,100
21,54,564,100
21,55,580,100
21,56,572,100
21,57,582,100
21,58,572,100
21,59,576,100
21,60,606,200
21,61,636,200
21,62,724,200
21,63,776,200
21,64,758,200
21,65,800,200
21,66,788,200
21,67,712,200
21,68,728,200
21,69,704,200
21,70,662,200
21,71,684,200
21,72,706,200
21,73,716,200
21,74,748,200
21,75,762,200
21,76,764,200
21,77,704,200
21,78,698,200
21,79,684,200
21,80,660,200
21,81,652,200
21,82,654,200
21,83,752,200
21,84,820,200
21,85,792,200
21,86,784,200
21,87,776,200
21,88,708,200
21,89,696,200
21,90,700,300
21,91,668,300
21,93,718,300
21,94,684,300
21,95,670,300
21,96,616,300
21,97,660,300
21,98,664,300
21,99,656,300
21,100,624,300
21,101,616,300
21,102,598,300
21,103,616,300
21,104,684,300
21,105,650,300
21,106,660,300
21,107,656,300
21,108,668,300
21,109,710,300
21,110,684,300
21,111,662,300
21,112,648,300
21,113,624,300
21,114,644,300
21,115,694,300
21,116,712,300
21,117,780,300
21,118,780,300
21,119,744,300
21,120,740,400
21,121,682,400
21,122,668,400
21,123,646,400
21,124,624,400
21,125,674,400
21,126,740,400
21,127,768,400
21,128,816,400
21,129,756,400
21,130,768,400
21,131,710,400
21,132,684,400
21,133,662,400
21,134,636,400
21,135,684,400
21,136,676,400
21,137,714,400
21,138,720,400
21,139,704,400
21,140,762,400
21,141,708,400
21,142,706,400
21,143,708,400
21,144,674,400
21,145,700,400
21,146,646,400
21,147,672,400
21,148,692,400
21,149,686,400
21,150,716,500
21,151,678,500
21,152,688,500
21,153,656,500
21,154,656,500
21,155,650,500
21,156,636,500
21,157,678,500
21,158,652,500
21,159,658,500
21,160,676,500
21,161,658,500
21,162,676,500
21,163,678,500
21,164,672,500
21,165,690,500
21,166,664,500
21,167,686,500
21,168,692,500
21,169,646,500
21,170,668,500
21,171,678,500
21,172,744,500
21,173,732,500
21,174,708,500
21,175,716,500
21,176,664,500
21,177,648,500
21,178,658,500
21,179,640,500
22,1,732,0
22,2,760,0
22,3,792,0
22,4,836,0
22,5,800,0
22,6,820,0
22,7,788,0
22,8,748,0
22,9,748,0
22,10,760,0
22,11,756,0
22,12,792,0
22,13,784,0
22,14,738,0
22,15,724,0
22,16,732,0
22,17,770,0
22,18,748,0
22,19,764,0
22,20,758,0
22,21,740,0
22,22,752,0
22,23,772,0
22,24,772,0
22,25,772,0
22,26,784,0
22,27,772,0
22,28,764,0
22,29,768,0
22,30,750,100
22,31,760,100
22,32,748,100
22,33,754,100
22,34,736,100
22,35,736,100
22,36,746,100
22,37,744,100
22,38,760,100
22,39,744,100
22,40,728,100
22,41,732,100
22,42,738,100
22,43,736,100
22,44,744,100
22,45,750,100
22,46,752,100
22,47,738,100
22,48,724,100
22,49,736,100
22,50,720,100
22,51,732,100
22,52,752,100
22,53,744,100
22,54,724,100
22,55,708,100
22,56,708,100
22,57,712,100
22,58,708,100
22,59,700,100
22,60,698,200
22,61,696,200
22,62,700,200
22,63,714,200
22,64,740,200
22,65,740,200
22,66,728,200
22,67,744,200
22,68,730,200
22,69,720,200
22,70,720,200
22,71,720,200
22,72,724,200
22,73,732,200
22,74,740,200
22,75,740,200
22,76,718,200
22,77,704,200
22,78,698,200
22,79,688,200
22,80,700,200
22,81,706,200
22,82,716,200
22,83,720,200
22,84,712,200
22,85,720,200
22,86,712,200
22,87,712,200
22,88,732,200
22,89,720,200
22,90,744,300
22,91,722,300
22,92,688,300
22,93,686,300
22,94,700,300
22,95,708,300
22,96,728,300
22,97,732,300
22,98,730,300
22,99,716,300
22,100,708,300
22,101,688,300
22,102,692,300
22,103,708,300
22,104,720,300
22,105,732,300
22,106,740,300
22,107,744,300
22,108,728,300
22,109,700,300
22,110,684,300
22,111,704,300
22,112,708,300
22,113,726,300
22,114,728,300
22,115,720,300
22,116,734,300
22,117,744,300
22,118,740,300
22,119,718,300
22,120,716,400
22,121,706,400
22,122,716,400
22,123,700,400
22,124,702,400
22,125,676,400
22,126,690,400
22,127,712,400
22,128,706,400
22,129,708,400
22,130,700,400
22,131,692,400
22,132,696,400
22,133,692,400
22,134,696,400
22,135,694,400
22,136,700,400
22,137,702,400
22,138,700,400
22,139,720,400
22,140,716,400
22,141,708,400
22,142,700,400
22,143,684,400
22,144,646,400
22,145,628,400
22,146,624,400
22,147,648,400
22,148,700,400
22,149,736,400
22,150,728,500
22,151,732,500
22,152,716,500
22,153,702,500
22,154,692,500
22,155,684,500
22,156,696,500
22,157,688,500
22,158,732,500
22,159,736,500
22,160,708,500
22,161,716,500
22,162,716,500
22,163,708,500
22,164,692,500
22,165,682,500
22,166,680,500
22,167,682,500
22,168,688,500
22,169,700,500
22,170,708,500
22,171,732,500
22,172,724,500
22,173,716,500
22,174,696,500
22,175,640,500
22,176,660,500
22,177,664,500
22,178,676,500
22,179,664,500
23,1,1036,0
23,2,1024,0
23,3,1044,0
23,4,944,0
23,5,1000,0
23,6,984,0
23,7,1032,0
23,8,1068,0
23,9,1020,0
23,10,1056,0
23,11,1028,0
23,12,1060,0
23,13,1000,0
23,14,1068,0
23,15,1044,0
23,16,960,0
23,17,1008,0
23,18,908,0
23,19,1020,0
23,20,1016,0
23,21,896,0
23,22,820,0
23,23,770,0
23,24,940,0
23,25,940,0
23,26,924,0
23,27,952,0
23,28,928,0
23,29,868,0
23,30,864,100
23,31,932,100
23,32,896,100
23,33,954,100
23,34,1008,100
23,35,944,100
23,36,860,100
23,37,820,100
23,38,904,100
23,39,1112,100
23,40,1044,100
23,41,968,100
23,42,968,100
23,43,1000,100
23,44,988,100
23,45,980,100
23,46,936,100
23,47,972,100
23,48,944,100
23,49,932,100
23,50,964,100
23,51,932,100
23,52,1020,100
23,53,1068,100
23,54,1016,100
23,55,1040,100
23,56,996,100
23,57,1008,100
23,58,972,100
23,59,1072,100
23,60,1052,200
23,61,880,200
23,62,908,200
23,63,924,200
23,64,948,200
23,65,988,200
23,66,948,200
23,67,942,200
23,68,992,200
23,69,1044,200
23,71,1048,200
23,72,1004,200
23,73,1012,200
23,74,1036,200
23,75,988,200
23,76,1012,200
23,77,912,200
23,78,868,200
23,79,880,200
23,80,876,200
23,81,952,200
23,82,996,200
23,83,940,200
23,84,936,200
23,85,996,200
23,86,1016,200
23,87,908,200
23,88,924,200
23,89,836,200
23,90,952,300
23,91,972,300
23,92,992,300
23,93,912,300
23,94,912,300
23,95,944,300
23,96,940,300
23,97,928,300
23,98,940,300
23,99,936,300
23,100,880,300
23,101,916,300
23,102,972,300
23,103,964,300
23,104,904,300
23,105,800,300
23,106,844,300
23,107,1036,300
23,108,1052,300
23,109,1052,300
23,110,1008,300
23,111,968,300
23,112,936,300
23,113,948,300
23,114,900,300
23,115,856,300
23,116,868,300
23,117,906,300
23,118,892,300
23,119,880,300
23,120,904,400
23,121,904,400
23,122,936,400
23,123,908,400
23,124,864,400
23,125,812,400
23,126,792,400
23,127,864,400
23,128,960,400
23,129,956,400
23,130,1004,400
23,131,1020,400
23,132,1008,400
23,133,972,400
23,134,972,400
23,135,976,400
23,136,904,400
23,138,988,400
23,139,1060,400
23,140,1060,400
23,141,1032,400
23,142,1052,400
23,143,1072,400
23,144,1060,400
23,145,1020,400
23,146,988,400
23,147,988,400
23,148,984,400
23,149,1032,400
23,150,1056,500
23,151,980,500
23,152,1024,500
23,153,1036,500
23,154,1108,500
23,155,1052,500
23,156,984,500
23,157,1016,500
23,158,1024,500
23,159,944,500
23,160,992,500
23,161,948,500
23,162,1004,500
23,163,892,500
23,164,976,500
23,165,996,500
23,166,1036,500
23,167,1028,500
23,168,1060,500
23,169,988,500
23,170,1016,500
23,171,956,500
23,172,928,500
23,173,944,500
23,174,944,500
23,175,904,500
23,176,888,500
23,177,932,500
23,178,1020,500
23,179,1032,500
24,1,594,0
24,2,592,0
24,3,606,0
24,4,608,0
24,5,632,0
24,6,618,0
24,7,618,0
24,8,632,0
24,9,628,0
24,10,624,0
24,11,642,0
24,12,644,0
24,13,644,0
24,14,660,0
24,15,676,0
24,16,652,0
24,17,660,0
24,18,680,0
24,19,668,0
24,20,668,0
24,21,654,0
24,22,642,0
24,23,652,0
24,24,656,0
24,25,692,0
24,26,696,0
24,27,692,0
24,28,684,0
24,29,682,0
24,30,656,100
24,31,670,100
24,32,692,100
24,33,680,100
24,34,724,100
24,35,696,100
24,36,664,100
24,37,652,100
24,38,628,100
24,39,634,100
24,40,610,100
24,41,608,100
24,42,640,100
24,43,636,100
24,44,648,100
24,45,648,100
24,46,642,100
24,47,664,100
24,48,662,100
24,49,668,100
24,50,666,100
24,51,636,100
24,52,632,100
24,53,658,100
24,54,652,100
24,55,700,100
24,56,692,100
24,57,668,100
24,58,660,100
24,59,620,100
24,60,628,200
24,61,664,200
24,62,716,200
24,63,728,200
24,64,704,200
24,65,724,200
24,66,718,200
24,67,720,200
24,68,690,200
24,69,636,200
24,70,638,200
24,71,660,200
24,72,692,200
24,73,732,200
24,74,776,200
24,75,732,200
24,76,716,200
24,77,672,200
24,78,652,200
24,79,642,200
24,80,632,200
24,81,664,200
24,82,692,200
24,83,684,200
24,84,708,200
24,85,708,200
24,86,692,200
24,87,704,200
24,88,692,200
24,89,696,200
24,90,674,300
24,91,652,300
24,92,692,300
24,93,724,300
24,94,712,300
24,95,748,300
24,96,732,300
24,97,704,300
24,98,704,300
24,99,676,300
24,100,672,300
24,101,688,300
24,102,670,300
24,103,688,300
24,104,702,300
24,105,736,300
24,106,740,300
24,107,720,300
24,108,744,300
24,109,732,300
24,110,708,300
24,111,720,300
24,112,694,300
24,113,692,300
24,114,708,300
24,115,676,300
24,116,714,300
24,117,728,300
24,118,692,300
24,119,720,300
24,120,688,400
24,121,674,400
24,122,676,400
24,123,698,400
24,124,748,400
24,125,760,400
24,126,752,400
24,127,776,400
24,128,780,400
24,129,744,400
24,130,748,400
24,131,732,400
24,132,690,400
24,133,692,400
24,134,712,400
24,135,724,400
24,136,696,400
24,137,716,400
24,138,752,400
24,139,732,400
24,140,708,400
24,141,708,400
24,142,686,400
24,143,700,400
24,144,716,400
24,145,716,400
24,146,764,400
24,147,758,400
24,148,736,400
24,149,740,400
24,150,724,500
24,151,724,500
24,152,736,500
24,153,730,500
24,154,724,500
24,155,732,500
24,156,696,500
24,157,724,500
24,158,734,500
24,159,696,500
24,160,718,500
24,161,700,500
24,162,676,500
24,163,686,500
24,164,696,500
24,165,688,500
24,166,708,500
24,167,698,500
24,168,724,500
24,169,732,500
24,170,712,500
24,171,712,500
24,172,714,500
24,173,696,500
24,174,720,500
24,175,726,500
24,176,704,500
24,177,724,500
24,178,724,500
24,179,688,500
25,1,752,0
25,2,866,0
25,3,872,0
25,4,772,0
25,5,852,0
25,6,860,0
25,7,848,0
25,8,842,0
25,9,820,0
25,10,756,0
25,11,844,0
25,12,826,0
25,13,828,0
25,14,788,0
25,15,700,0
25,16,770,0
25,17,708,0
25,18,710,0
25,19,704,0
25,20,772,0
25,21,820,0
25,22,814,0
25,23,772,0
25,24,820,0
25,25,840,0
25,26,748,0
25,27,816,0
25,28,788,0
25,29,754,0
25,30,808,100
25,31,820,100
25,32,812,100
25,33,876,100
25,34,790,100
25,35,828,100
25,36,804,100
25,37,738,100
25,38,676,100
25,39,684,100
25,40,798,100
25,41,900,100
25,42,908,100
25,43,888,100
25,44,852,100
25,45,836,100
25,46,806,100
25,47,784,100
25,48,776,100
25,49,774,100
25,50,780,100
25,51,808,100
25,52,852,100
25,53,884,100
25,54,888,100
25,55,844,100
25,56,860,100
25,57,852,100
25,58,768,100
25,59,860,100
25,60,820,200
25,61,784,200
25,62,852,200
25,63,880,200
25,64,884,200
25,65,858,200
25,66,888,200
25,67,820,200
25,68,864,200
25,69,852,200
25,70,832,200
25,71,834,200
25,72,836,200
25,73,716,200
25,74,848,200
25,75,766,200
25,76,848,200
25,77,844,200
25,78,776,200
25,79,868,200
25,80,776,200
25,81,860,200
25,82,872,200
25,83,792,200
25,84,876,200
25,85,806,200
25,86,848,200
25,87,816,200
25,88,764,200
25,89,822,200
25,90,844,300
25,91,780,300
25,92,848,300
25,93,834,300
25,94,860,300
25,95,868,300
25,96,788,300
25,97,832,300
25,98,844,300
25,99,820,300
25,100,788,300
25,101,816,300
25,102,768,300
25,103,812,300
25,104,804,300
25,105,736,300
25,106,848,300
25,107,788,300
25,108,872,300
25,109,856,300
25,110,784,300
25,111,840,300
25,112,824,300
25,113,804,300
25,114,760,300
25,115,786,300
25,116,724,300
25,117,820,300
25,118,804,300
25,119,792,300
25,120,824,400
25,121,836,400
25,122,780,400
25,123,822,400
25,124,768,400
25,125,816,400
25,126,828,400
25,127,794,400
25,128,832,400
25,129,848,400
25,130,808,400
25,131,828,400
25,132,826,400
25,133,732,400
25,134,816,400
25,135,768,400
25,136,828,400
25,137,808,400
25,138,828,400
25,139,804,400
25,140,854,400
25,141,764,400
25,142,856,400
25,143,824,400
25,144,776,400
25,145,788,400
25,146,748,400
25,147,768,400
25,148,814,400
25,149,840,400
25,150,792,500
25,151,872,500
25,152,864,500
25,153,820,500
25,154,840,500
25,155,776,500
25,156,820,500
25,157,804,500
25,158,724,500
25,159,812,500
25,160,758,500
25,161,828,500
25,162,804,500
25,163,784,500
25,164,800,500
25,165,822,500
25,166,736,500
25,167,828,500
25,168,796,500
25,169,812,500
25,170,796,500
25,171,708,500
25,172,816,500
25,173,732,500
25,174,856,500
25,175,844,500
25,176,810,500
25,177,844,500
25,178,796,500
25,179,760,500
26,1,764,0
26,2,812,0
26,3,812,0
26,4,786,0
26,5,812,0
26,6,764,0
26,7,820,0
26,8,802,0
26,9,792,0
26,10,828,0
26,11,800,0
26,12,808,0
26,13,840,0
26,14,776,0
26,15,804,0
26,16,770,0
26,17,760,0
26,18,780,0
26,19,742,0
26,20,792,0
26,21,808,0
26,22,760,0
26,23,796,0
26,24,744,0
26,25,772,0
26,26,754,0
26,27,780,0
26,28,812,0
26,29,784,0
26,30,798,100
26,31,832,100
26,32,784,100
26,33,820,100
26,34,798,100
26,35,812,100
26,36,836,100
26,37,800,100
26,38,828,100
26,39,822,100
26,40,824,100
26,41,836,100
26,42,796,100
26,43,832,100
26,44,796,100
26,45,800,100
26,46,836,100
26,47,820,100
26,48,810,100
26,49,840,100
26,50,788,100
26,51,832,100
26,52,794,100
26,53,788,100
26,54,820,100
26,55,784,100
26,56,806,100
26,57,816,100
26,58,748,100
26,59,808,100
26,60,834,200
26,61,784,200
26,62,816,200
26,63,816,200
26,64,784,200
26,65,816,200
26,66,772,200
26,67,836,200
26,68,808,200
26,69,832,200
26,70,864,200
26,71,820,200
26,72,836,200
26,73,856,200
26,74,814,200
26,75,824,200
26,76,860,200
26,77,808,200
26,78,828,200
26,79,800,200
26,80,816,200
26,81,824,200
26,82,774,200
26,83,772,200
26,84,760,200
26,85,752,200
26,86,808,200
26,87,784,200
26,88,844,200
26,89,868,200
26,90,832,300
26,91,856,300
26,92,812,300
26,93,812,300
26,94,804,300
26,95,756,300
26,96,764,300
26,97,768,300
26,98,790,300
26,99,860,300
26,100,808,300
26,101,876,300
26,102,860,300
26,103,832,300
26,104,852,300
26,105,788,300
26,106,828,300
26,107,788,300
26,108,796,300
26,109,832,300
26,110,824,300
26,111,800,300
26,112,888,300
26,113,868,300
26,114,840,300
26,115,844,300
26,116,780,300
26,117,822,300
26,118,772,300
26,119,816,300
26,120,824,400
26,121,790,400
26,122,800,400
26,123,748,400
26,124,780,400
26,125,774,400
26,126,752,400
26,127,820,400
26,128,844,400
26,129,822,400
26,130,884,400
26,131,864,400
26,132,804,400
26,133,832,400
26,134,806,400
26,135,812,400
26,136,840,400
26,137,812,400
26,138,816,400
26,139,872,400
26,140,772,400
26,141,760,400
26,142,800,400
26,143,830,400
26,144,812,400
26,145,868,400
26,146,868,400
26,147,816,400
26,148,856,400
26,149,882,400
26,150,812,500
26,151,824,500
26,152,820,500
26,153,782,500
26,154,804,500
26,155,756,500
26,156,808,500
26,157,828,500
26,158,836,500
26,159,856,500
26,160,856,500
26,161,800,500
26,162,846,500
26,163,828,500
26,164,800,500
26,165,840,500
26,166,852,500
26,167,818,500
26,168,864,500
26,169,880,500
26,170,812,500
26,171,844,500
26,172,852,500
26,173,806,500
26,174,812,500
26,175,816,500
26,176,776,500
26,177,836,500
26,178,828,500
26,179,824,500
27,1,522,0
27,2,396,0
27,3,626,0
27,4,660,0
27,5,672,0
27,6,294,0
27,7,640,0
27,9,1896,0
27,10,1020,0
27,11,328,0
27,12,668,0
27,13,694,0
27,14,484,0
27,15,382.6666667,0
27,16,700,0
27,17,768,0
27,18,552,0
27,19,308,0
27,20,320,0
27,21,342.6666667,0
27,22,724,0
27,23,458.6666667,0
27,24,696,0
27,25,598,0
27,26,518,0
27,27,456,0
27,28,712,0
27,29,1132,0
27,30,830,100
27,32,1028,100
27,33,518,100
27,34,346,100
27,35,1236,100
27,36,652,100
27,37,638,100
27,38,648,100
27,39,1288,100
27,40,656,100
27,41,382,100
27,44,3068,100
27,45,314,100
27,46,628,100
27,47,470,100
27,49,1596,100
27,51,790.6666667,100
27,52,314,100
27,54,1904,100
27,57,3144,100
27,59,924,100
27,60,952,200
27,62,1302,200
27,63,222,200
27,64,636,200
27,66,2104,200
27,67,1200,200
27,71,4048,200
27,72,496,200
27,73,352,200
27,74,518.6666667,200
27,75,496,200
27,76,840,200
27,77,358.6666667,200
27,78,462,200
27,79,626,200
27,81,830,200
27,82,1192,200
27,83,570,200
27,84,888,200
27,85,468,200
27,86,492,200
27,87,528,200
27,88,398,200
27,89,496,200
27,90,317.3333333,300
27,91,434.6666667,300
27,94,1354,300
27,95,1208,300
27,96,370,300
27,97,462.6666667,300
27,98,412,300
27,99,488,300
27,100,580,300
27,101,740,300
27,102,392,300
27,103,1648,300
27,105,1248,300
27,108,3140,300
27,110,1310,300
27,113,2584,300
27,116,3240,300
27,117,668,300
27,118,660,300
27,119,698,300
27,120,752,400
27,121,756,400
27,122,844,400
27,123,794,400
27,124,924,400
27,125,816,400
27,126,820,400
27,127,1056,400
27,128,880,400
27,129,904,400
27,130,876,400
27,131,924,400
27,132,886,400
27,133,1036,400
27,134,980,400
27,135,856,400
27,136,960,400
27,137,824,400
27,138,928,400
27,139,920,400
27,140,900,400
27,141,1196,400
27,142,1040,400
27,143,836,400
27,144,848,400
27,145,812,400
27,146,1108,400
27,147,1052,400
27,148,1120,400
27,149,904,400
27,150,988,500
27,151,1096,500
27,152,1020,500
27,153,1196,500
27,154,968,500
27,155,1164,500
27,156,1012,500
27,157,1176,500
27,158,1116,500
27,159,960,500
27,161,1006,500
27,163,1168,500
27,164,1048,500
27,165,1040,500
27,166,996,500
27,167,1104,500
27,168,1148,500
27,169,984,500
27,170,1112,500
27,171,1112,500
27,172,884,500
27,173,1028,500
27,174,940,500
27,175,1152,500
27,176,976,500
27,177,1132,500
27,178,1112,500
27,179,1084,500
28,1,672,0
28,2,680,0
28,3,706,0
28,4,720,0
28,5,710,0
28,6,680,0
28,7,668,0
28,8,668,0
28,9,638,0
28,10,632,0
28,11,428,0
28,12,474,0
28,13,361.3333333,0
28,14,684,0
28,15,656,0
28,16,606,0
28,17,592,0
28,18,580,0
28,19,612,0
28,20,684,0
28,21,688,0
28,22,724,0
28,23,740,0
28,24,740,0
28,25,720,0
28,26,684,0
28,27,670,0
28,28,652,0
28,29,662,0
28,30,660,100
28,31,708,100
28,32,728,100
28,33,700,100
28,34,696,100
28,35,690,100
28,36,744,100
28,37,732,100
28,38,708,100
28,39,728,100
28,40,736,100
28,41,714,100
28,42,692,100
28,43,720,100
28,44,712,100
28,45,728,100
28,46,728,100
28,47,744,100
28,48,716,100
28,49,708,100
28,50,696,100
28,51,742,100
28,52,748,100
28,53,788,100
28,54,746,100
28,55,696,100
28,56,674,100
28,57,648,100
28,58,672,100
28,59,668,100
28,60,720,200
28,61,750,200
28,62,764,200
28,63,702,200
28,64,676,200
28,65,692,200
28,66,664,200
28,67,692,200
28,68,694,200
28,69,724,200
28,70,732,200
28,71,700,200
28,72,682,200
28,73,664,200
28,74,668,200
28,75,676,200
28,76,700,200
28,77,704,200
28,78,716,200
28,79,712,200
28,80,716,200
28,81,700,200
28,82,692,200
28,83,720,200
28,84,722,200
28,85,712,200
28,86,708,200
28,87,734,200
28,88,748,200
28,89,728,200
28,90,744,300
28,91,712,300
28,92,708,300
28,93,676,300
28,94,704,300
28,95,708,300
28,96,724,300
28,97,724,300
28,98,744,300
28,99,706,300
28,100,708,300
28,101,676,300
28,102,696,300
28,103,684,300
28,104,708,300
28,105,708,300
28,106,678,300
28,107,676,300
28,108,664,300
28,109,708,300
28,110,712,300
28,111,718,300
28,112,704,300
28,113,690,300
28,114,652,300
28,115,654,300
28,116,684,300
28,117,708,300
28,118,708,300
28,119,712,300
28,120,718,400
28,121,720,400
28,122,690,400
28,123,700,400
28,124,682,400
28,125,688,400
28,126,666,400
28,127,684,400
28,128,668,400
28,129,702,400
28,130,676,400
28,131,710,400
28,132,692,400
28,133,690,400
28,134,664,400
28,135,688,400
28,136,692,400
28,137,736,400
28,138,722,400
28,139,732,400
28,140,708,400
28,141,708,400
28,142,684,400
28,143,698,400
28,144,660,400
28,145,698,400
28,146,688,400
28,147,746,400
28,148,724,400
28,149,732,400
28,150,700,500
28,151,724,500
28,152,682,500
28,153,700,500
28,154,680,500
28,155,696,500
28,156,712,500
28,157,692,500
28,158,688,500
28,159,664,500
28,160,680,500
28,161,680,500
28,162,672,500
28,163,670,500
28,164,680,500
28,165,670,500
28,166,684,500
28,167,652,500
28,168,664,500
28,169,660,500
28,170,668,500
28,171,668,500
28,172,700,500
28,173,706,500
28,174,704,500
28,175,676,500
28,176,696,500
28,177,656,500
28,178,692,500
28,179,668,500
29,1,688,0
29,2,684,0
29,3,676,0
29,4,682,0
29,5,668,0
29,6,684,0
29,7,676,0
29,8,662,0
29,9,676,0
29,10,668,0
29,12,646,0
29,13,644,0
29,14,658,0
29,15,660,0
29,16,668,0
29,17,652,0
29,18,664,0
29,19,676,0
29,20,646,0
29,21,648,0
29,22,632,0
29,23,622,0
29,25,646,0
29,26,640,0
29,27,630,0
29,28,632,0
29,29,622,0
29,30,646,100
29,31,628,100
29,32,608,100
29,33,582,100
29,34,592,100
29,35,598,100
29,36,604,100
29,37,628,100
29,38,628,100
29,39,644,100
29,40,686,100
29,41,652,100
29,42,634,100
29,43,620,100
29,44,598,100
29,45,604,100
29,46,584,100
29,47,572,100
29,48,604,100
29,50,636,100
29,51,648,100
29,53,592,100
29,54,592,100
29,55,580,100
29,56,564,100
29,57,568,100
29,58,586,100
29,59,576,100
29,60,580,200
29,61,552,200
29,62,536,200
29,64,634,200
29,65,612,200
29,66,612,200
29,67,612,200
29,69,612,200
29,70,652,200
29,71,676,200
29,72,654,200
29,73,660,200
29,74,688,200
29,75,700,200
29,76,330,200
29,77,746,200
29,78,350,200
29,79,696,200
29,81,736,200
29,82,726,200
29,83,688,200
29,84,680,200
29,85,696,200
29,86,724,200
29,87,694,200
29,88,720,200
29,89,728,200
29,90,724,300
29,91,708,300
29,92,712,300
29,93,700,300
29,94,666,300
29,95,644,300
29,96,604,300
29,97,596,300
29,99,660,300
29,100,728,300
29,101,764,300
29,102,746,300
29,103,696,300
29,104,684,300
29,105,672,300
29,106,638,300
29,107,628,300
29,108,668,300
29,109,668,300
29,110,692,300
29,111,760,300
29,112,780,300
29,113,692,300
29,114,656,300
29,115,668,300
29,116,634,300
29,117,628,300
29,118,628,300
29,119,628,300
29,120,616,400
29,121,584,400
29,122,584,400
29,123,632,400
29,125,750,400
29,126,756,400
29,127,800,400
29,128,748,400
29,129,752,400
29,130,764,400
29,131,716,400
29,134,736,400
29,135,736,400
29,136,724,400
29,137,698,400
29,138,708,400
29,139,676,400
29,140,732,400
29,141,726,400
29,142,744,400
29,144,706,400
29,145,716,400
29,146,716,400
29,147,706,400
29,148,716,400
29,149,728,400
29,150,708,500
29,151,682,500
29,153,700,500
29,154,710,500
29,155,736,500
29,156,716,500
29,158,682,500
29,159,716,500
29,160,716,500
29,161,750,500
29,162,800,500
29,163,792,500
29,165,760,500
29,166,720,500
29,167,700,500
29,168,708,500
29,169,732,500
29,170,736,500
29,171,748,500
29,173,734,500
29,174,716,500
29,175,680,500
29,176,700,500
29,177,680,500
29,178,692,500
29,179,720,500
30,1,856,0
30,2,952,0
30,3,888,0
30,4,840,0
30,5,916,0
30,6,912,0
30,7,888,0
30,8,872,0
30,9,812,0
30,10,832,0
30,11,916,0
30,12,980,0
30,13,980,0
30,14,1052,0
30,15,1040,0
30,16,988,0
30,17,1008,0
30,18,1016,0
30,19,984,0
30,20,908,0
30,21,952,0
30,22,952,0
30,23,964,0
30,24,852,0
30,25,916,0
30,26,852,0
30,27,872,0
30,28,880,0
30,29,888,0
30,30,836,100
30,31,858,100
30,32,852,100
30,33,836,100
30,34,864,100
30,35,872,100
30,36,868,100
30,37,870,100
30,38,884,100
30,39,872,100
30,40,852,100
30,41,876,100
30,42,888,100
30,43,888,100
30,44,864,100
30,45,892,100
30,46,888,100
30,47,856,100
30,48,848,100
30,49,852,100
30,50,838,100
30,51,836,100
30,52,848,100
30,53,832,100
30,54,820,100
30,55,836,100
30,56,860,100
30,57,792,100
30,58,844,100
30,59,832,100
30,60,864,200
30,61,876,200
30,62,896,200
30,63,884,200
30,64,880,200
30,65,848,200
30,66,844,200
30,67,838,200
30,68,808,200
30,69,864,200
30,70,884,200
30,71,812,200
30,72,816,200
30,73,868,200
30,74,812,200
30,75,792,200
30,76,812,200
30,77,830,200
30,78,792,200
30,79,804,200
30,80,788,200
30,81,754,200
30,82,812,200
30,83,840,200
30,84,904,200
30,85,912,200
30,86,976,200
30,87,1020,200
30,88,1008,200
30,89,932,200
30,90,944,300
30,91,960,300
30,92,916,300
30,93,952,300
30,94,948,300
30,95,896,300
30,96,960,300
30,97,984,300
30,98,952,300
30,99,904,300
30,100,932,300
30,101,916,300
30,102,900,300
30,103,888,300
30,104,924,300
30,105,928,300
30,106,944,300
30,107,968,300
30,108,972,300
30,109,924,300
30,110,908,300
30,111,904,300
30,112,900,300
30,113,856,300
30,114,892,300
30,115,916,300
30,116,858,300
30,117,872,300
30,118,892,300
30,119,936,300
30,120,876,400
30,121,912,400
30,122,908,400
30,123,900,400
30,124,836,400
30,125,856,400
30,126,876,400
30,127,864,400
30,128,876,400
30,129,884,400
30,130,886,400
30,131,816,400
30,132,864,400
30,133,892,400
30,134,888,400
30,135,824,400
30,136,862,400
30,137,816,400
30,138,844,400
30,139,844,400
30,140,860,400
30,141,872,400
30,142,876,400
30,143,908,400
30,144,848,400
30,145,868,400
30,146,916,400
30,147,956,400
30,148,864,400
30,149,908,400
30,150,904,500
30,151,922,500
30,152,904,500
30,153,936,500
30,154,956,500
30,155,904,500
30,156,920,500
30,157,936,500
30,158,924,500
30,159,868,500
30,160,916,500
30,161,916,500
30,162,882,500
30,163,872,500
30,164,892,500
30,165,868,500
30,166,856,500
30,167,880,500
30,168,888,500
30,169,852,500
30,170,872,500
30,171,904,500
30,172,852,500
30,173,864,500
30,174,876,500
30,175,844,500
30,176,852,500
30,177,880,500
30,178,932,500
30,179,900,500
31,0,512,#N/A
31,1,516,0
31,2,532,0
31,3,522,0
31,4,532,0
31,5,550,0
31,6,558,0
31,7,560,0
31,8,536,0
31,9,530,0
31,10,522,0
31,11,502,0
31,12,510,0
31,13,526,0
31,14,534,0
31,15,528,0
31,16,522,0
31,17,510,0
31,18,502,0
31,19,510,0
31,20,496,0
31,21,512,0
31,22,556,0
31,23,558,0
31,24,546,0
31,25,568,0
31,26,584,0
31,27,572,0
31,28,540,0
31,29,534,0
31,30,564,100
31,31,580,100
31,32,586,100
31,33,594,100
31,34,596,100
31,35,564,100
31,36,566,100
31,37,576,100
31,38,596,100
31,39,608,100
31,40,602,100
31,41,576,100
31,42,566,100
31,43,574,100
31,44,574,100
31,45,580,100
31,46,604,100
31,47,580,100
31,48,584,100
31,49,602,100
31,50,612,100
31,51,600,100
31,52,594,100
31,53,598,100
31,54,580,100
31,55,566,100
31,56,578,100
31,57,628,100
31,58,664,100
31,59,684,100
31,60,656,200
31,61,618,200
31,62,616,200
31,63,616,200
31,64,602,200
31,65,616,200
31,66,638,200
31,67,636,200
31,68,608,200
31,69,600,200
31,70,628,200
31,71,638,200
31,72,652,200
31,73,658,200
31,74,648,200
31,75,658,200
31,76,656,200
31,77,642,200
31,78,612,200
31,79,596,200
31,80,586,200
31,81,588,200
31,82,616,200
31,83,652,200
31,84,664,200
31,85,652,200
31,86,648,200
31,87,640,200
31,88,600,200
31,89,584,200
31,90,582,300
31,91,606,300
31,92,624,300
31,93,598,300
31,94,550,300
31,95,570,300
31,96,600,300
31,97,614,300
31,98,606,300
31,99,592,300
31,100,588,300
31,101,576,300
31,102,562,300
31,103,556,300
31,104,556,300
31,105,560,300
31,106,580,300
31,107,612,300
31,108,634,300
31,109,636,300
31,110,628,300
31,111,614,300
31,112,592,300
31,113,584,300
31,114,596,300
31,115,608,300
31,116,602,300
31,117,592,300
31,118,580,300
31,119,568,300
31,120,568,400
31,121,562,400
31,122,560,400
31,123,556,400
31,124,560,400
31,125,570,400
31,126,558,400
31,127,552,400
31,128,558,400
31,129,566,400
31,130,584,400
31,131,584,400
31,132,582,400
31,133,576,400
31,134,574,400
31,135,576,400
31,136,574,400
31,137,576,400
31,138,572,400
31,139,568,400
31,140,560,400
31,141,566,400
31,142,584,400
31,143,588,400
31,144,586,400
31,145,598,400
31,146,600,400
31,147,606,400
31,148,626,400
31,149,604,400
31,150,602,500
31,151,598,500
31,152,580,500
31,153,580,500
31,154,580,500
31,155,576,500
31,156,576,500
31,157,598,500
31,158,604,500
31,159,624,500
31,160,616,500
31,161,612,500
31,162,616,500
31,163,610,500
31,164,612,500
31,165,606,500
31,166,604,500
31,167,616,500
31,168,622,500
31,169,628,500
31,170,644,500
31,171,660,500
31,172,666,500
31,173,668,500
31,174,648,500
31,175,642,500
31,176,632,500
31,177,626,500
31,178,628,500
31,179,614,500
32,1,660,0
32,2,1004,0
32,3,900,0
32,4,732,0
32,5,644,0
32,6,1060,0
32,7,764,0
32,8,968,0
32,9,820,0
32,10,844,0
32,11,1092,0
32,12,732,0
32,13,656,0
32,14,1068,0
32,15,768,0
32,16,908,0
32,17,640,0
32,18,610,0
32,19,688,0
32,20,944,0
32,21,1004,0
32,22,704,0
32,23,616,0
32,24,596,0
32,25,634,0
32,26,740,0
32,27,644,0
32,28,692,0
32,29,662,0
32,30,936,100
32,31,708,100
32,32,704,100
32,33,660,100
32,34,768,100
32,35,1064,100
32,37,758,100
32,38,1112,100
32,39,780,100
32,40,704,100
32,41,648,100
32,42,894,100
32,43,988,100
32,44,748,100
32,45,756,100
32,46,728,100
32,47,636,100
32,48,724,100
32,49,664,100
32,50,772,100
32,51,642,100
32,52,636,100
32,53,696,100
32,54,696,100
32,55,936,100
32,56,724,100
32,57,684,100
32,58,666,100
32,59,952,100
32,60,740,200
32,61,724,200
32,62,640,200
32,63,616,200
32,64,684,200
32,65,1072,200
32,66,756,200
32,67,588,200
32,68,594,200
32,69,696,200
32,70,660,200
32,71,654,200
32,72,756,200
32,73,624,200
32,74,584,200
32,75,580,200
32,76,664,200
32,77,776,200
32,78,820,200
32,80,636,200
32,81,616,200
32,82,1068,200
32,83,730,200
32,84,696,200
32,85,596,200
32,86,604,200
32,87,1220,200
32,88,816,200
32,89,780,200
32,90,802,300
32,91,728,300
32,92,694,300
32,93,604,300
32,94,612,300
32,95,1100,300
32,96,968,300
32,97,808,300
32,98,764,300
32,99,724,300
32,100,750,300
32,101,1000,300
32,102,856,300
32,103,852,300
32,104,746,300
32,105,744,300
32,106,784,300
32,107,1124,300
32,108,912,300
32,109,836,300
32,110,722,300
32,111,716,300
32,112,680,300
32,113,628,300
32,114,1144,300
32,115,1016,300
32,116,840,300
32,117,660,300
32,118,648,300
32,119,658,300
32,120,996,400
32,121,888,400
32,122,776,400
32,123,734,400
32,124,632,400
32,125,768,400
32,126,1088,400
32,127,848,400
32,128,916,400
32,129,784,400
32,130,744,400
32,131,1000,400
32,132,768,400
32,133,740,400
32,134,1148,400
32,135,768,400
32,136,784,400
32,137,774,400
32,138,796,400
32,139,776,400
32,140,648,400
32,141,804,400
32,142,860,400
32,143,616,400
32,144,584,400
32,145,612,400
32,146,876,400
32,147,768,400
32,148,756,400
32,149,766,400
32,150,836,500
32,151,904,500
32,152,792,500
32,153,692,500
32,154,684,500
32,155,1168,500
32,156,852,500
32,157,760,500
32,158,814,500
32,160,976,500
32,161,724,500
32,162,664,500
32,163,1040,500
32,164,1044,500
32,165,1084,500
32,166,928,500
32,167,1004,500
32,168,896,500
32,169,1060,500
32,170,820,500
32,171,826,500
32,172,1088,500
32,173,872,500
32,174,884,500
32,175,868,500
32,176,748,500
32,177,844,500
32,178,814,500
32,179,708,500
33,1,900,0
33,2,808,0
33,3,854,0
33,4,776,0
33,5,812,0
33,6,820,0
33,7,794,0
33,8,832,0
33,9,860,0
33,10,824,0
33,11,908,0
33,12,904,0
33,13,852,0
33,14,908,0
33,15,896,0
33,16,828,0
33,17,872,0
33,18,884,0
33,19,844,0
33,20,898,0
33,21,832,0
33,22,828,0
33,23,832,0
33,24,796,0
33,25,794,0
33,26,836,0
33,27,780,0
33,28,760,0
33,29,824,0
33,30,804,100
33,31,884,100
33,32,964,100
33,33,872,100
33,34,820,100
33,35,882,100
33,36,824,100
33,37,868,100
33,38,896,100
33,39,856,100
33,40,892,100
33,41,1100,100
33,42,1064,100
33,43,912,100
33,44,920,100
33,45,956,100
33,46,834,100
33,47,736,100
33,48,720,100
33,49,740,100
33,50,976,100
33,51,860,100
33,52,1040,100
33,53,1024,100
33,54,944,100
33,55,964,100
33,56,960,100
33,57,900,100
33,58,912,100
33,59,932,100
33,60,832,200
33,61,854,200
33,62,820,200
33,63,896,200
33,64,1028,200
33,65,980,200
33,66,916,200
33,67,940,200
33,68,936,200
33,69,824,200
33,70,804,200
33,71,848,200
33,72,888,200
33,73,792,200
33,74,824,200
33,75,816,200
33,76,736,200
33,77,800,200
33,78,792,200
33,79,840,200
33,80,752,200
33,81,720,200
33,82,742,200
33,83,740,200
33,84,816,200
33,85,944,200
33,86,984,200
33,87,1000,200
33,88,900,200
33,89,952,200
33,90,968,300
33,91,888,300
33,92,1044,300
33,94,1034,300
33,95,952,300
33,96,1020,300
33,97,1028,300
33,98,920,300
33,99,976,300
33,100,1016,300
33,101,960,300
33,102,1012,300
33,103,1096,300
33,104,984,300
33,105,888,300
33,106,888,300
33,107,940,300
33,108,912,300
33,109,924,300
33,110,968,300
33,111,1016,300
33,112,940,300
33,113,936,300
33,114,924,300
33,115,822,300
33,116,872,300
33,117,936,300
33,118,944,300
33,119,848,300
33,120,948,400
33,121,960,400
33,122,936,400
33,123,884,400
33,124,888,400
33,125,842,400
33,126,824,400
33,127,864,400
33,128,884,400
33,129,820,400
33,130,872,400
33,131,912,400
33,132,856,400
33,133,868,400
33,134,948,400
33,135,968,400
33,136,876,400
33,137,840,400
33,138,860,400
33,139,800,400
33,140,824,400
33,141,848,400
33,142,880,400
33,143,936,400
33,144,1020,400
33,145,1024,400
33,146,1000,400
33,147,860,400
33,148,844,400
33,149,772,400
33,150,732,500
33,151,736,500
33,152,700,500
33,153,716,500
33,154,896,500
33,155,844,500
33,156,780,500
33,157,784,500
33,158,768,500
33,159,724,500
33,160,718,500
33,161,744,500
33,162,748,500
33,163,768,500
33,164,868,500
33,165,988,500
33,166,964,500
33,167,1076,500
33,168,1060,500
33,169,902,500
33,170,868,500
33,171,904,500
33,172,884,500
33,173,916,500
33,174,1028,500
33,175,976,500
33,176,920,500
33,177,1008,500
33,178,972,500
33,179,868,500
34,1,872,0
34,2,744,0
34,3,756,0
34,4,924,0
34,5,984,0
34,6,884,0
34,7,800,0
34,8,858,0
34,9,824,0
34,10,928,0
34,11,888,0
34,12,840,0
34,13,824,0
34,14,836,0
34,15,858,0
34,16,760,0
34,17,784,0
34,18,836,0
34,19,784,0
34,20,784,0
34,21,820,0
34,22,824,0
34,23,768,0
34,24,792,0
34,25,816,0
34,26,876,0
34,27,794,0
34,28,712,0
34,29,740,0
34,30,832,100
34,31,864,100
34,32,772,100
34,33,840,100
34,34,832,100
34,35,760,100
34,36,724,100
34,37,792,100
34,38,826,100
34,39,760,100
34,40,732,100
34,41,744,100
34,42,800,100
34,43,724,100
34,44,736,100
34,45,728,100
34,46,684,100
34,47,736,100
34,48,784,100
34,49,724,100
34,50,712,100
34,51,812,100
34,52,876,100
34,53,848,100
34,54,802,100
34,55,744,100
34,56,716,100
34,57,682,100
34,58,688,100
34,59,722,100
34,60,776,200
34,61,828,200
34,62,848,200
34,63,756,200
34,64,756,200
34,65,744,200
34,66,696,200
34,67,788,200
34,68,824,200
34,69,800,200
34,70,856,200
34,71,844,200
34,72,756,200
34,73,780,200
34,74,766,200
34,75,728,200
34,76,764,200
34,77,826,200
34,78,760,200
34,79,800,200
34,80,800,200
34,81,790,200
34,82,784,200
34,83,736,200
34,84,810,200
34,85,840,200
34,86,804,200
34,87,704,200
34,88,718,200
34,89,772,200
34,90,768,300
34,91,724,300
34,92,772,300
34,93,792,300
34,94,752,300
34,95,840,300
34,96,880,300
34,97,788,300
34,98,788,300
34,99,788,300
34,100,756,300
34,101,824,300
34,102,880,300
34,103,858,300
34,104,848,300
34,105,864,300
34,106,804,300
34,107,754,300
34,108,820,300
34,109,828,300
34,110,780,300
34,111,844,300
34,112,842,300
34,113,764,300
34,114,808,300
34,115,852,300
34,116,814,300
34,117,828,300
34,118,868,300
34,119,796,300
34,120,800,400
34,121,828,400
34,122,776,400
34,123,760,400
34,124,800,400
34,125,798,400
34,126,796,400
34,127,864,400
34,128,852,400
34,129,804,400
34,130,828,400
34,131,808,400
34,132,744,400
34,133,780,400
34,134,820,400
34,135,744,400
34,136,794,400
34,137,880,400
34,138,796,400
34,139,820,400
34,140,840,400
34,141,790,400
34,142,816,400
34,143,848,400
34,144,776,400
34,145,818,400
34,146,840,400
34,147,768,400
34,148,784,400
34,149,804,400
34,150,760,500
34,151,776,500
34,152,780,500
34,153,690,500
34,154,644,500
34,155,648,500
34,156,708,500
34,157,832,500
34,158,732,500
34,159,764,500
34,160,804,500
34,161,788,500
34,162,744,500
34,163,740,500
34,164,744,500
34,165,760,500
34,166,804,500
34,167,832,500
34,168,788,500
34,169,788,500
34,170,772,500
34,171,732,500
34,172,756,500
34,173,788,500
34,174,766,500
34,175,780,500
34,176,772,500
34,177,742,500
34,178,760,500
34,179,772,500
35,1,712,0
35,2,726,0
35,3,728,0
35,4,740,0
35,5,718,0
35,6,720,0
35,7,700,0
35,10,3328,0
35,11,740,0
35,12,724,0
35,13,748,0
35,14,784,0
35,15,748,0
35,16,772,0
35,17,736,0
35,18,748,0
35,19,772,0
35,20,796,0
35,21,794,0
35,22,784,0
35,23,752,0
35,24,782,0
35,25,744,0
35,26,764,0
35,27,746,0
35,28,744,0
35,29,748,0
35,30,784,100
35,31,784,100
35,32,780,100
35,33,772,100
35,34,770,100
35,35,776,100
35,36,784,100
35,37,744,100
35,38,728,100
35,39,716,100
35,40,744,100
35,41,736,100
35,42,764,100
35,43,756,100
35,44,752,100
35,45,744,100
35,46,730,100
35,47,728,100
35,48,704,100
35,49,718,100
35,50,720,100
35,51,768,100
35,52,744,100
35,53,784,100
35,54,784,100
35,55,752,100
35,56,760,100
35,57,724,100
35,58,726,100
35,59,708,100
35,60,740,200
35,61,736,200
35,62,720,200
35,63,684,200
35,64,708,200
35,65,718,200
35,66,724,200
35,67,708,200
35,68,732,200
35,69,712,200
35,70,730,200
35,71,708,200
35,72,712,200
35,73,706,200
35,74,708,200
35,75,718,200
35,76,732,200
35,77,744,200
35,78,734,200
35,79,728,200
35,80,708,200
35,81,712,200
35,82,688,200
35,83,700,200
35,84,704,200
35,85,732,200
35,86,734,200
35,87,744,200
35,88,742,200
35,89,720,200
35,90,720,300
35,91,704,300
35,92,696,300
35,93,692,300
35,94,708,300
35,95,724,300
35,96,728,300
35,97,736,300
35,98,708,300
35,99,728,300
35,100,720,300
35,101,718,300
35,102,732,300
35,103,716,300
35,104,720,300
35,105,688,300
35,106,704,300
35,107,720,300
35,108,706,300
35,109,720,300
35,110,708,300
35,111,726,300
35,112,716,300
35,113,726,300
35,114,712,300
35,115,732,300
35,116,752,300
35,117,740,300
35,118,744,300
35,119,738,300
35,120,748,400
35,121,748,400
35,122,714,400
35,123,736,400
35,124,728,400
35,125,748,400
35,126,740,400
35,127,722,400
35,128,732,400
35,129,704,400
35,130,694,400
35,131,684,400
35,132,720,400
35,133,748,400
35,134,752,400
35,135,734,400
35,136,716,400
35,137,680,400
35,138,660,400
35,139,656,400
35,140,640,400
35,141,658,400
35,142,692,400
35,143,732,400
35,144,742,400
35,145,728,400
35,146,704,400
35,147,692,400
35,148,660,400
35,149,684,400
35,150,684,500
35,151,724,500
35,152,780,500
35,153,808,500
35,154,772,500
35,155,768,500
35,156,760,500
35,157,736,500
35,158,740,500
35,159,720,500
35,160,746,500
35,161,732,500
35,162,776,500
35,163,756,500
35,164,756,500
35,165,756,500
35,166,722,500
35,167,716,500
35,168,748,500
35,169,748,500
35,170,756,500
35,171,728,500
35,172,708,500
35,173,712,500
35,174,716,500
35,175,724,500
35,176,740,500
35,177,754,500
35,178,772,500
35,179,732,500
